ticker,day,type
ZEC,2024-01-04,monitoring_tag
XMR,2024-01-04,monitoring_tag
PYTH,2024-02-02,spot_listing
XMR,2024-02-06,delist
WIF,2024-03-05,spot_listing
TON,2024-08-08,spot_listing
TURBO,2024-09-16,spot_listing
NKN,2025-04-03,monitoring_tag
KMNO,2025-05-06,spot_listing
PORTAL,2025-05-07,monitoring_tag
MOVE,2025-05-07,monitoring_tag
BAKE,2025-07-07,monitoring_tag
BAKE,2025-09-03,delist
DENT,2025-12-01,monitoring_tag
SXP,2025-12-01,monitoring_tag
FLOW,2026-01-02,monitoring_tag
NKN,2026-02-02,delist
HOOK,2026-03-06,monitoring_tag
LRC,2026-03-06,monitoring_tag
WIF,2026-03-06,monitoring_tag
ATA,2026-03-13,monitoring_tag
RDNT,2026-03-13,monitoring_tag
SXP,2026-03-18,delist
RDNT,2026-03-18,delist
LRC,2026-03-18,delist
HOOK,2026-03-18,delist
HIGH,2026-04-14,monitoring_tag
DENT,2026-04-17,delist
NFP,2026-04-30,monitoring_tag
ATA,2026-05-13,delist
STORJ,2026-05-22,monitoring_tag
HIGH,2026-06-05,delist
BLUR,2026-06-18,monitoring_tag
ACT,2026-06-18,monitoring_tag
NFP,2026-06-26,delist
STX,2026-07-24,monitoring_tag
ICX,2026-08-11,monitoring_tag
STORJ,2026-08-20,delist
ICX,2026-08-20,delist
SCR,2026-09-04,monitoring_tag
HYPE,2026-09-24,spot_listing
SOL,2024-02-06,hack
GALA,2024-05-20,hack
TAO,2024-07-02,hack
RDNT,2024-10-16,hack
SUI,2024-11-21,hack
OM,2025-04-13,hack
GMX,2025-07-09,hack
BERA,2025-11-03,hack
FLOW,2025-12-27,hack
SUI,2026-01-14,hack
RUNE,2026-05-15,hack
SUI,2026-05-28,hack
ZEC,2026-06-04,hack
